{
  "swagger": "2.0",
  "info": {
    "title": "account/v1/account.proto",
    "version": "version not set"
  },
  "tags": [
    {
      "name": "Account"
    }
  ],
  "consumes": [
    "application/json"
  ],
  "produces": [
    "application/json"
  ],
  "paths": {
    "/v1/account": {
      "post": {
        "summary": "创建账号",
        "operationId": "Account_CreateAccount",
        "responses": {
          "200": {
            "description": "A successful response.",
            "schema": {
              "$ref": "#/definitions/v1CreateAccountReply"
            }
          },
          "default": {
            "description": "An unexpected error response.",
            "schema": {
              "$ref": "#/definitions/rpcStatus"
            }
          }
        },
        "parameters": [
          {
            "name": "body",
            "in": "body",
            "required": true,
            "schema": {
              "$ref": "#/definitions/v1CreateAccountRequest"
            }
          }
        ],
        "tags": [
          "账号管理"
        ]
      }
    }
  },
  "definitions": {
    "protobufAny": {
      "type": "object",
      "properties": {
        "@type": {
          "type": "string"
        }
      },
      "additionalProperties": {}
    },
    "rpcStatus": {
      "type": "object",
      "properties": {
        "code": {
          "type": "integer",
          "format": "int32"
        },
        "message": {
          "type": "string"
        },
        "details": {
          "type": "array",
          "items": {
            "$ref": "#/definitions/protobufAny"
          }
        }
      }
    },
    "v1CreateAccountReply": {
      "type": "object",
      "properties": {
        "id": {
          "type": "integer",
          "format": "int32",
          "description": "账号ID"
        }
      }
    },
    "v1CreateAccountRequest": {
      "type": "object",
      "properties": {
        "nickname": {
          "type": "string",
          "description": "账号对外昵称"
        },
        "username": {
          "type": "string",
          "description": "账号名称"
        },
        "password": {
          "type": "string",
          "description": "账号密码"
        },
        "age": {
          "type": "integer",
          "format": "int32",
          "description": "年龄"
        }
      },
      "required": [
        "username",
        "password"
      ]
    },
    "v1DeleteAccountReply": {
      "type": "object"
    },
    "v1GetAccountReply": {
      "type": "object"
    },
    "v1ListAccountReply": {
      "type": "object"
    },
    "v1UpdateAccountReply": {
      "type": "object"
    }
  }
}
